location,avg_pick_time
Zone-A3,8.259815950920245
Zone-A4,8.073740458015267
Zone-A5,8.050574712643678
Zone-B1,8.02078125
Zone-B5,8.175808823529412
Zone-C1,8.097430555555555
Zone-C2,8.214057142857143
Zone-D1,8.025961538461539
Zone-D2,8.010939597315437
